date,year,month,day,decimal,co2_molfrac,day_of_year,co2_30d_avg,co2_365_avg,daily_diff,monthly_diff,pct_change
1974-05-31,1974.0,5.0,25.09,1974.39,333.14,145.09,333.32,333.32,-0.02,,
1974-06-30,1974.0,6.0,16.16,1974.46,332.17,167.16,332.66,332.72,-0.06,-0.9699999999999704,-0.29116887794919943
1974-07-31,1974.0,7.0,15.42,1974.54,331.11,196.42,331.7,332.2,-0.07,-1.0600000000000023,-0.3191137068368599
1974-08-31,1974.0,8.0,16.62,1974.62,329.11,228.62,330.02,331.49,-0.08,-2.0,-0.6040288725801091
1974-09-30,1974.0,9.0,16.45,1974.71,327.3,259.45,328.11,330.66,-0.02,-1.8100000000000023,-0.5499680957734454
1974-10-31,1974.0,10.0,16.88,1974.79,327.3,289.88,327.16,329.99,-0.0,0.0,0.0
1974-11-30,1974.0,11.0,14.77,1974.87,328.27,318.77,327.75,329.61,0.04,0.9699999999999704,0.29636419187288876
1974-12-31,1974.0,12.0,16.79,1974.96,329.61,350.79,328.98,329.5,0.06,1.3400000000000318,0.4082005666067756
1975-01-31,1975.0,1.0,16.33,1975.04,330.75,16.33,330.26,329.61,0.02,1.1399999999999864,0.34586329298260665
1975-02-28,1975.0,2.0,14.77,1975.12,331.47,45.77,331.14,329.8,0.02,0.7200000000000273,0.21768707482994198
1975-03-31,1975.0,3.0,14.82,1975.2,331.9,73.82,331.69,329.96,0.03,0.42999999999995,0.1297251636648733
1975-04-30,1975.0,4.0,15.7,1975.29,333.12,105.7,332.65,330.15,0.08,1.2200000000000273,0.36758059656523123
1975-05-31,1975.0,5.0,15.71,1975.37,333.95,135.71,333.59,330.43,-0.0,0.8299999999999841,0.2491594620557036
1975-06-30,1975.0,6.0,14.74,1975.45,333.46,165.74,333.75,330.58,-0.02,-0.4900000000000091,-0.1467285521784767
1975-07-31,1975.0,7.0,15.08,1975.53,332.04,196.08,332.82,330.68,-0.07,-1.419999999999959,-0.4258381814910228
1975-08-31,1975.0,8.0,16.42,1975.62,329.92,228.42,330.94,330.75,-0.1,-2.1200000000000045,-0.6384772918925474
1975-09-30,1975.0,9.0,16.73,1975.71,328.46,259.73,329.02,330.83,-0.03,-1.4600000000000364,-0.4425315227934101
1975-10-31,1975.0,10.0,20.0,1975.8,328.48,293.0,328.27,331.0,0.07,0.020000000000038654,0.0060890214942599385
1975-11-30,1975.0,11.0,12.39,1975.86,329.23,316.39,328.9,331.13,0.05,0.75,0.22832440331221893
1975-12-31,,,,,,,,,,,0.0
1976-01-31,1976.0,1.0,18.89,1976.05,331.63,18.89,331.49,331.47,0.11,,0.7289736658263157
1976-02-29,1976.0,2.0,15.0,1976.12,332.75,46.0,332.15,331.56,0.04,1.1200000000000045,0.3377257787293031
1976-03-31,1976.0,3.0,14.28,1976.2,333.3,74.28,332.95,331.67,0.11,0.5500000000000114,0.16528925619834212
1976-04-30,1976.0,4.0,15.89,1976.29,334.76,106.89,334.26,331.78,0.03,1.4599999999999795,0.4380438043804391
1976-05-31,1976.0,5.0,15.9,1976.37,334.72,136.9,334.68,331.82,-0.01,-0.03999999999996362,-0.011948858883970015
1976-06-30,1976.0,6.0,10.73,1976.44,334.19,162.73,334.65,331.83,-0.05,-0.5300000000000296,-0.1583413001912115
1976-07-31,1976.0,7.0,18.8,1976.55,332.89,200.8,333.52,331.81,-0.14,-1.3000000000000114,-0.389000269307882
1976-08-31,1976.0,8.0,15.57,1976.62,330.72,228.57,331.72,331.88,-0.08,-2.169999999999959,-0.6518669830874901
1976-09-30,1976.0,9.0,17.62,1976.71,328.89,261.62,329.82,332.07,-0.17,-1.830000000000041,-0.5533381712627072
1976-10-31,1976.0,10.0,15.32,1976.79,328.7,289.32,328.58,332.05,0.06,-0.18999999999999773,-0.05777007510109344
1976-11-30,1976.0,11.0,17.24,1976.88,330.25,322.24,329.59,332.08,0.06,1.5500000000000114,0.4715546090660272
1976-12-31,1976.0,12.0,17.4,1976.96,331.67,352.4,330.93,332.01,0.09,1.420000000000016,0.4299772899318821
1977-01-31,1977.0,1.0,14.83,1977.04,332.66,14.83,332.27,332.05,0.02,0.9900000000000091,0.29848946241746166
1977-02-28,1977.0,2.0,17.1,1977.13,333.22,48.1,333.03,332.13,0.04,0.5600000000000023,0.1683400468947216
1977-03-31,1977.0,3.0,16.65,1977.2,334.98,75.65,334.08,332.24,0.07,1.759999999999991,0.5281795810575529
1977-04-30,1977.0,4.0,17.9,1977.29,336.22,107.9,335.63,332.4,0.12,1.240000000000009,0.3701713535136486
1977-05-31,1977.0,5.0,19.4,1977.38,336.92,139.4,336.73,332.56,-0.04,0.6999999999999886,0.20819701385996758
1977-06-30,1977.0,6.0,15.61,1977.45,336.16,166.61,336.57,332.77,-0.05,-0.7599999999999909,-0.22557283628160674
1977-07-31,1977.0,7.0,17.1,1977.54,334.81,198.1,335.56,332.97,-0.09,-1.3500000000000227,-0.4015944788196113
1977-08-31,1977.0,8.0,15.22,1977.62,332.61,227.22,333.66,333.13,-0.1,-2.1999999999999886,-0.6570890953077835
1977-09-30,1977.0,9.0,16.0,1977.71,331.27,259.0,331.82,333.25,-0.07,-1.3400000000000318,-0.4028742370945082
1977-10-31,1977.0,10.0,16.22,1977.79,331.28,289.22,331.16,333.4,0.04,0.009999999999990905,0.003018685664257781
1977-11-30,1977.0,11.0,16.86,1977.88,332.53,320.86,331.88,333.59,0.02,1.25,0.37732431779762265
1977-12-31,1977.0,12.0,16.4,1977.96,333.61,350.4,333.09,333.78,0.06,1.080000000000041,0.32478272637057604
1978-01-31,1978.0,1.0,17.41,1978.04,334.98,17.41,334.37,333.98,0.09,1.3700000000000045,0.4106591529030812
1978-02-28,1978.0,2.0,15.04,1978.12,335.27,46.04,335.15,334.15,-0.03,0.2899999999999636,0.08657233267657105
1978-03-31,1978.0,3.0,15.75,1978.2,336.65,74.75,335.92,334.34,0.12,1.3799999999999955,0.41160855429951404
1978-04-30,1978.0,4.0,16.83,1978.29,337.73,106.83,337.3,334.5,-0.0,1.080000000000041,0.32080796079014817
1978-05-31,1978.0,5.0,16.54,1978.37,338.02,136.54,337.96,334.63,0.0,0.2899999999999636,0.08586740887690514
1978-06-30,1978.0,6.0,16.82,1978.46,337.95,167.82,338.07,334.73,-0.03,-0.06999999999999318,-0.020708833796811987
1978-07-31,1978.0,7.0,18.19,1978.54,336.34,199.19,337.05,334.83,-0.12,-1.6100000000000136,-0.47640183459092267
1978-08-31,1978.0,8.0,12.84,1978.61,334.65,224.84,335.61,334.96,-0.09,-1.6899999999999977,-0.5024677409763978
1978-09-30,1978.0,9.0,16.0,1978.71,332.35,259.0,333.18,335.08,-0.05,-2.2999999999999545,-0.687285223367684
1978-10-31,1978.0,10.0,15.1,1978.79,332.42,288.1,332.29,335.18,-0.01,0.06999999999999318,0.021062133293203722
1978-11-30,1978.0,11.0,15.46,1978.87,333.76,319.46,333.17,335.29,0.06,1.339999999999975,0.4031045063473737
1978-12-31,1978.0,12.0,17.35,1978.96,334.96,351.35,334.43,335.41,0.05,1.1999999999999886,0.35953978906999584
1979-01-31,1979.0,1.0,14.44,1979.04,336.11,14.44,335.41,335.5,0.07,1.150000000000034,0.3433245760688042
1979-02-28,1979.0,2.0,14.8,1979.12,336.69,45.8,336.64,335.64,-0.01,0.5799999999999841,0.17256255392579245
1979-03-31,1979.0,3.0,16.81,1979.2,338.3,75.81,337.37,335.75,0.11,1.6100000000000136,0.47818468026967764
1979-04-30,1979.0,4.0,16.75,1979.29,338.87,106.75,338.65,335.87,0.03,0.5699999999999932,0.16848950635530713
1979-05-31,1979.0,5.0,16.2,1979.37,339.24,136.2,339.16,335.97,-0.01,0.37000000000000455,0.1091864136689491
1979-06-30,1979.0,6.0,13.74,1979.45,339.34,164.74,339.41,336.07,-0.05,0.0999999999999659,0.029477655936793745
1979-07-31,1979.0,7.0,16.31,1979.54,337.52,197.31,338.32,336.18,-0.07,-1.8199999999999932,-0.5363352389933351
1979-08-31,1979.0,8.0,16.79,1979.62,335.66,228.79,336.6,336.28,-0.13,-1.8599999999999568,-0.5510784546100878
1979-09-30,1979.0,9.0,18.05,1979.71,333.9,261.05,334.54,336.35,0.01,-1.7600000000000477,-0.5243401060597175
1979-10-31,1979.0,10.0,16.96,1979.79,334.27,289.96,334.01,336.44,0.02,0.37000000000000455,0.11081162024557667
1979-11-30,1979.0,11.0,16.5,1979.88,335.4,320.5,334.76,336.54,0.05,1.1299999999999955,0.3380500792772301
1979-12-31,1979.0,12.0,14.09,1979.95,336.74,348.09,336.05,336.66,0.05,1.3400000000000318,0.39952295766250145
1980-01-31,1980.0,1.0,16.21,1980.04,337.9,16.21,337.44,336.87,0.01,1.1599999999999682,0.3444794203242729
1980-02-29,1980.0,2.0,15.65,1980.12,338.37,46.65,338.18,337.02,0.05,0.4700000000000273,0.13909440662918104
1980-03-31,1980.0,3.0,17.13,1980.21,340.11,77.13,339.19,337.18,0.07,1.740000000000009,0.5142299849277387
1980-04-30,1980.0,4.0,16.58,1980.29,340.97,107.58,340.65,337.34,0.03,0.8600000000000136,0.25285936902768036
1980-05-31,1980.0,5.0,16.17,1980.37,341.45,137.17,341.29,337.54,0.02,0.47999999999996135,0.14077484822709874
1980-06-30,1980.0,6.0,14.2,1980.45,341.42,166.2,341.5,337.71,-0.05,-0.029999999999972715,-0.008786059452325912
1980-07-31,1980.0,7.0,15.77,1980.54,339.47,197.77,340.4,337.88,-0.09,-1.9499999999999886,-0.5711440454572059
1980-08-31,1980.0,8.0,15.38,1980.62,337.72,228.38,338.5,338.04,-0.23,-1.75,-0.5155094706454144
1980-09-30,1980.0,9.0,14.2,1980.7,336.29,258.2,337.06,338.2,0.1,-1.4300000000000068,-0.423427691578826
1980-10-31,1980.0,10.0,16.04,1980.79,336.14,290.04,336.0,338.4,0.04,-0.1500000000000341,-0.04460435933273388
1980-11-30,1980.0,11.0,15.04,1980.87,337.28,320.04,336.76,338.59,0.02,1.1399999999999864,0.3391444041173308
1980-12-31,1980.0,12.0,17.79,1980.96,338.36,352.79,337.87,338.77,0.05,1.080000000000041,0.32020872865277106
1981-01-31,1981.0,1.0,15.46,1981.04,339.28,15.46,338.82,338.88,0.02,0.9199999999999591,0.2718997517436872
1981-02-28,1981.0,2.0,14.4,1981.12,340.55,45.4,339.88,339.04,0.09,1.2700000000000387,0.3743220938458025
1981-03-31,1981.0,3.0,16.4,1981.2,341.65,75.4,341.11,339.22,0.01,1.099999999999966,0.32300690060196313
1981-04-30,1981.0,4.0,15.27,1981.29,342.59,105.27,342.27,339.39,0.02,0.9399999999999977,0.27513537245720254
1981-05-31,1981.0,5.0,16.4,1981.37,343.03,136.4,342.87,339.56,0.02,0.4399999999999977,0.1284334043609059
1981-06-30,1981.0,6.0,15.8,1981.45,342.52,166.8,342.84,339.72,-0.06,-0.5099999999999909,-0.1486750429991468
1981-07-31,1981.0,7.0,15.42,1981.54,340.86,196.42,341.7,339.84,-0.07,-1.6599999999999682,-0.48464323251196095
1981-08-31,1981.0,8.0,14.36,1981.62,338.6,226.36,339.78,339.92,-0.07,-2.259999999999991,-0.6630288094818915
1981-09-30,1981.0,9.0,15.22,1981.7,336.96,258.22,337.58,339.88,-0.08,-1.6400000000000432,-0.4843473124630959
1981-10-31,1981.0,10.0,15.6,1981.79,337.04,288.6,336.77,339.87,0.09,0.08000000000004093,0.02374169040837426
1981-11-30,1981.0,11.0,14.35,1981.87,338.52,318.35,337.81,339.96,0.07,1.4799999999999613,0.4391170187514781
1981-12-31,1981.0,12.0,15.35,1981.95,339.88,349.35,339.29,340.08,0.04,1.3600000000000136,0.4017487888455573
1982-01-31,1982.0,1.0,16.5,1982.04,340.94,16.5,340.44,340.23,0.04,1.0600000000000023,0.3118747793338761
1982-02-28,1982.0,2.0,14.25,1982.12,341.75,45.25,341.42,340.36,0.04,0.8100000000000023,0.2375784595530117
1982-03-31,1982.0,3.0,11.94,1982.19,342.64,70.94,342.09,340.43,0.02,0.8899999999999864,0.26042428675931983
1982-04-30,1982.0,4.0,13.57,1982.28,343.89,103.57,343.09,340.37,0.33,1.25,0.3648143824422023
1982-05-31,1982.0,5.0,15.78,1982.37,344.77,135.78,344.62,340.37,-0.03,0.8799999999999955,0.25589578062752416
1982-06-30,1982.0,6.0,14.52,1982.45,343.93,165.52,344.45,340.53,-0.04,-0.839999999999975,-0.2436406879948838
1982-07-31,1982.0,7.0,15.14,1982.53,342.48,196.14,343.23,340.68,-0.05,-1.4499999999999886,-0.4215974180792559
1982-08-31,1982.0,8.0,15.4,1982.62,340.28,227.4,341.42,340.84,-0.12,-2.2000000000000455,-0.6423732772716795
1982-09-30,1982.0,9.0,16.24,1982.71,338.35,259.24,339.2,341.02,-0.06,-1.92999999999995,-0.5671799694369151
1982-10-31,1982.0,10.0,16.96,1982.79,338.44,289.96,338.04,341.17,0.05,0.08999999999997499,0.026599674892846537
1982-11-30,1982.0,11.0,15.62,1982.87,339.45,319.62,338.96,341.28,0.04,1.009999999999991,0.29842808178701663
1982-12-31,1982.0,12.0,15.92,1982.96,340.78,349.92,340.13,341.34,0.07,1.329999999999984,0.3918102813374569
1983-01-31,1983.0,1.0,16.96,1983.04,341.59,16.96,341.38,341.42,0.0,0.8100000000000023,0.23769000528199857
1983-02-28,1983.0,2.0,15.96,1983.13,342.81,46.96,342.11,341.48,0.06,1.2200000000000273,0.3571533124506088
1983-03-31,1983.0,3.0,15.3,1983.2,343.34,74.3,342.94,341.56,0.03,0.5299999999999727,0.15460459146465766
1983-04-30,1983.0,4.0,17.0,1983.29,345.45,107.0,344.56,341.75,0.12,2.1100000000000136,0.6145511737636111
1983-05-31,1983.0,5.0,17.14,1983.37,346.13,137.14,345.91,341.92,-0.0,0.6800000000000068,0.1968446953249492
1983-06-30,1983.0,6.0,15.4,1983.45,345.77,166.4,346.08,342.04,-0.03,-0.36000000000001364,-0.10400716493803586
1983-07-31,1983.0,7.0,15.59,1983.54,344.35,196.59,345.11,342.15,-0.15,-1.419999999999959,-0.4106776180697991
1983-08-31,1983.0,8.0,15.06,1983.62,342.57,227.06,343.38,342.29,-0.01,-1.7800000000000296,-0.516915928561068
1983-09-30,1983.0,9.0,15.6,1983.71,340.46,258.6,341.29,342.47,-0.12,-2.1100000000000136,-0.6159325101439128
1983-10-31,1983.0,10.0,13.2,1983.78,340.45,286.2,340.37,342.67,0.02,-0.009999999999990905,-0.002937202608233047
1983-11-30,1983.0,11.0,15.96,1983.87,341.8,319.96,341.23,342.94,0.07,1.3500000000000227,0.396533999118831
1983-12-31,1983.0,12.0,18.24,1983.96,343.28,352.24,342.56,343.16,0.06,1.4799999999999613,0.43300175541252095
1984-01-31,1984.0,1.0,15.87,1984.04,344.2,15.87,343.84,343.38,0.02,0.9200000000000159,0.26800279655092574
1984-02-29,1984.0,2.0,15.57,1984.12,344.94,46.57,344.64,343.62,0.03,0.7400000000000091,0.21499128413713375
1984-03-31,1984.0,3.0,14.0,1984.2,345.61,74.0,345.18,343.81,0.04,0.6700000000000159,0.19423667884270746
1984-04-30,1984.0,4.0,29.5,1984.33,347.48,120.5,347.46,343.74,0.8,1.8700000000000045,0.5410723069355639
1984-05-31,1984.0,5.0,15.4,1984.37,347.78,136.4,347.74,343.8,0.01,0.2999999999999545,0.08633590422468806
1984-06-30,1984.0,6.0,15.75,1984.46,347.15,167.75,347.5,343.88,-0.06,-0.6299999999999955,-0.1811490022427975
1984-07-31,1984.0,7.0,15.44,1984.54,345.83,197.44,346.56,343.99,-0.09,-1.3199999999999932,-0.3802390897306607
1984-08-31,1984.0,8.0,15.25,1984.62,343.8,228.25,344.89,344.11,-0.24,-2.0299999999999727,-0.5869936095769468
1984-09-30,1984.0,9.0,16.43,1984.71,341.56,260.43,342.16,344.21,-0.06,-2.240000000000009,-0.651541593949978
1984-10-31,1984.0,10.0,15.67,1984.79,341.85,289.67,341.69,344.39,0.1,0.29000000000002046,0.08490455556857679
1984-11-30,1984.0,11.0,12.89,1984.87,343.18,317.89,342.49,344.56,0.11,1.329999999999984,0.38905952903318664
1984-12-31,1984.0,12.0,17.07,1984.96,345.04,352.07,344.21,344.8,0.16,1.8600000000000136,0.5419896264351021
1985-01-31,1985.0,1.0,16.0,1985.04,345.48,16.0,345.44,344.97,-0.01,0.4399999999999977,0.12752144678878086
1985-02-28,1985.0,2.0,15.53,1985.12,346.44,46.53,345.84,345.1,0.03,0.9599999999999795,0.27787426189649356
1985-03-31,1985.0,3.0,13.82,1985.2,347.83,72.82,347.06,345.27,0.12,1.3899999999999864,0.4012238771504473
1985-04-30,1985.0,4.0,14.24,1985.28,348.61,104.24,348.3,345.53,0.02,0.7800000000000296,0.22424747721589977
1985-05-31,1985.0,5.0,15.9,1985.37,349.28,135.9,349.09,345.75,0.01,0.6699999999999591,0.1921918476234019
1985-06-30,1985.0,6.0,16.81,1985.46,348.59,167.81,348.98,345.9,-0.08,-0.6899999999999977,-0.19754924415941177
1985-07-31,1985.0,7.0,14.59,1985.53,347.0,195.59,347.85,346.02,-0.14,-1.589999999999975,-0.45612323933560406
1985-08-31,1985.0,8.0,19.19,1985.63,345.02,231.19,345.72,346.1,-0.1,-1.9800000000000182,-0.5706051873198947
1985-09-30,1985.0,9.0,15.29,1985.7,343.47,258.29,344.33,346.13,-0.06,-1.5499999999999545,-0.4492493188800517
1985-10-31,1985.0,10.0,17.1,1985.79,343.38,290.1,343.07,346.11,0.09,-0.09000000000003183,-0.026203161848203926
1985-11-30,1985.0,11.0,16.0,1985.87,344.76,320.0,344.04,346.17,0.06,1.3799999999999955,0.40188712213873323
1985-12-31,1985.0,12.0,17.0,1985.96,346.15,351.0,345.62,346.24,0.08,1.3899999999999864,0.40317902308852904
1986-01-31,1986.0,1.0,16.76,1986.04,346.8,16.76,346.6,346.34,-0.02,0.6500000000000341,0.18777986422071624
1986-02-28,1986.0,2.0,14.52,1986.12,347.48,45.52,347.06,346.46,0.03,0.6800000000000068,0.19607843137254832
1986-03-31,1986.0,3.0,15.19,1986.2,348.22,74.19,347.69,346.51,0.08,0.7400000000000091,0.2129618970876157
1986-04-30,1986.0,4.0,15.53,1986.29,349.86,105.53,349.3,346.56,0.1,1.6399999999999864,0.4709666302911808
1986-05-31,1986.0,5.0,16.89,1986.37,350.52,136.89,350.39,346.64,-0.02,0.6599999999999682,0.18864688732636026
1986-06-30,1986.0,6.0,15.29,1986.45,349.99,166.29,350.31,346.72,-0.08,-0.5299999999999727,-0.15120392559624385
1986-07-31,1986.0,7.0,15.3,1986.54,348.3,196.3,349.11,346.8,-0.07,-1.6899999999999977,-0.4828709391696884
1986-08-31,1986.0,8.0,15.67,1986.62,346.19,227.67,347.14,346.88,-0.13,-2.1100000000000136,-0.6057995980476627
1986-09-30,1986.0,9.0,18.59,1986.71,345.39,261.59,345.65,347.06,0.01,-0.8000000000000114,-0.2310869753603506
1986-10-31,1986.0,10.0,14.46,1986.78,344.76,287.46,344.97,347.16,0.01,-0.6299999999999955,-0.18240250152001813
1986-11-30,1986.0,11.0,16.27,1986.87,346.26,320.27,345.55,347.28,0.07,1.5,0.43508527671423103
1986-12-31,1986.0,12.0,13.83,1986.95,347.4,347.83,346.9,347.39,0.01,1.1399999999999864,0.32923236874025097
1987-01-31,1987.0,1.0,14.64,1987.04,348.69,14.64,348.07,347.55,0.04,1.2900000000000205,0.3713298791019115
1987-02-28,1987.0,2.0,13.96,1987.12,348.91,44.96,348.75,347.72,0.02,0.22000000000002728,0.06309329203590952
1987-03-31,1987.0,3.0,15.81,1987.2,349.8,74.81,349.33,347.88,0.08,0.8899999999999864,0.2550801066177444
1987-04-30,1987.0,4.0,16.38,1987.29,351.43,106.38,350.82,348.05,0.06,1.6299999999999955,0.4659805603201894
1987-05-31,1987.0,5.0,16.32,1987.37,352.15,136.32,351.85,348.28,0.01,0.7199999999999704,0.20487721594626418
1987-06-30,1987.0,6.0,13.36,1987.45,351.68,164.36,352.06,348.5,-0.05,-0.46999999999997044,-0.13346585261961863
1987-07-31,1987.0,7.0,14.06,1987.53,350.35,195.06,350.97,348.63,-0.09,-1.329999999999984,-0.3781847133757954
1987-08-31,1987.0,8.0,16.07,1987.62,348.2,228.07,349.22,348.78,-0.24,-2.150000000000034,-0.6136720422434849
1987-09-30,1987.0,9.0,17.0,1987.71,346.62,260.0,347.19,348.85,-0.01,-1.579999999999984,-0.4537622056289492
1987-10-31,1987.0,10.0,17.86,1987.79,346.78,290.86,346.56,349.03,0.06,0.15999999999996817,0.04616006000806028
1987-11-30,1987.0,11.0,15.39,1987.87,348.08,319.39,347.38,349.16,0.05,1.3000000000000114,0.37487744391258015
1987-12-31,1987.0,12.0,16.22,1987.96,349.29,350.22,348.8,349.33,0.05,1.2100000000000364,0.3476212364973641
1988-01-31,1988.0,1.0,13.25,1988.03,350.45,13.25,349.86,349.48,0.04,1.1599999999999682,0.3321022645938809
1988-02-29,1988.0,2.0,16.52,1988.13,351.74,47.52,351.18,349.7,0.09,1.2900000000000205,0.36809815950920033
1988-03-31,1988.0,3.0,14.6,1988.2,352.46,74.6,352.23,349.95,0.01,0.7199999999999704,0.20469665093534317
1988-04-30,1988.0,4.0,15.15,1988.29,353.66,106.15,352.92,350.16,0.06,1.2000000000000455,0.34046416614652575
1988-05-31,1988.0,5.0,15.96,1988.37,354.35,136.96,354.09,350.38,-0.03,0.6899999999999977,0.19510264095459195
1988-06-30,1988.0,6.0,16.63,1988.46,353.81,168.63,354.23,350.6,-0.03,-0.5400000000000205,-0.152391703118393
1988-07-31,1988.0,7.0,16.41,1988.54,352.77,198.41,353.3,350.84,-0.07,-1.0400000000000205,-0.2939430767926354
1988-08-31,1988.0,8.0,16.69,1988.62,350.44,229.69,351.53,350.99,-0.08,-2.329999999999984,-0.6604870028630527
1988-09-30,1988.0,9.0,15.27,1988.71,348.98,259.27,349.61,351.1,-0.01,-1.4599999999999795,-0.41661910740782293
1988-10-31,1988.0,10.0,16.46,1988.79,349.39,290.46,349.08,351.26,0.02,0.40999999999996817,0.11748524270731586
1988-11-30,1988.0,11.0,16.48,1988.88,350.47,321.48,349.94,351.46,0.04,1.080000000000041,0.30911016342769493
1988-12-31,1988.0,12.0,15.71,1988.96,351.61,350.71,351.0,351.62,0.1,1.1399999999999864,0.32527748452078065
1989-01-31,1989.0,1.0,15.61,1989.04,353.06,15.61,352.47,351.84,0.01,1.4499999999999886,0.41238872614544064
1989-02-28,1989.0,2.0,14.0,1989.12,353.42,45.0,353.21,352.0,0.01,0.36000000000001364,0.101965671557247
1989-03-31,1989.0,3.0,15.83,1989.2,354.07,74.83,353.73,352.13,0.04,0.6499999999999773,0.18391715239658435
1989-04-30,1989.0,4.0,15.57,1989.29,355.72,105.57,354.87,352.3,0.07,1.650000000000034,0.46600954613496004
1989-05-31,1989.0,5.0,16.26,1989.37,355.95,136.26,355.96,352.46,-0.02,0.22999999999996135,0.06465759586189446
1989-06-30,1989.0,6.0,15.96,1989.45,355.42,166.96,355.83,352.59,-0.05,-0.5299999999999727,-0.14889731703889852
1989-07-31,1989.0,7.0,15.92,1989.54,354.05,196.92,354.79,352.71,-0.05,-1.3700000000000045,-0.38545945641775825
1989-08-31,1989.0,8.0,15.36,1989.62,351.88,227.36,353.04,352.82,-0.12,-2.170000000000016,-0.6129077813868178
1989-09-30,1989.0,9.0,14.71,1989.7,350.12,257.71,350.79,352.93,0.01,-1.759999999999991,-0.5001705126747691
1989-10-31,1989.0,10.0,17.24,1989.79,350.36,290.24,350.08,353.04,-0.04,0.2400000000000091,0.06854792642523311
1989-11-30,1989.0,11.0,16.07,1989.87,351.58,320.07,350.95,353.11,0.08,1.2199999999999704,0.34821326635459116
1989-12-31,1989.0,12.0,14.96,1989.95,352.87,348.96,352.28,353.22,0.04,1.2900000000000205,0.366915069116569
1990-01-31,1990.0,1.0,16.4,1990.04,353.87,16.4,353.41,353.3,0.06,1.0,0.2833904837475476
1990-02-28,1990.0,2.0,14.5,1990.12,355.1,45.5,354.52,353.41,0.04,1.2300000000000182,0.3475852714273753
1990-03-31,1990.0,3.0,16.59,1990.2,355.77,75.59,355.42,353.56,-0.0,0.6699999999999591,0.18867924528300772
1990-04-30,1990.0,4.0,15.36,1990.29,356.37,105.36,356.08,353.67,0.04,0.6000000000000227,0.168648284003714
1990-05-31,1990.0,5.0,16.36,1990.37,357.38,136.36,356.98,353.76,0.01,1.009999999999991,0.2834133063950306
1990-06-30,1990.0,6.0,15.1,1990.45,356.41,166.1,357.01,353.88,-0.04,-0.9699999999999704,-0.27141977726788946
1990-07-31,1990.0,7.0,15.77,1990.54,354.9,196.77,355.67,353.97,-0.06,-1.5100000000000477,-0.42366936954632006
1990-08-31,1990.0,8.0,16.41,1990.62,353.04,228.41,353.89,354.05,-0.12,-1.8599999999999568,-0.5240912933220487
1990-09-30,1990.0,9.0,16.0,1990.71,351.36,259.0,351.87,354.13,0.0,-1.6800000000000068,-0.47586675730795225
1990-10-31,1990.0,10.0,16.36,1990.79,351.7,289.36,351.52,354.2,0.02,0.339999999999975,0.09676684881603226
1990-11-30,1990.0,11.0,14.54,1990.87,353.09,318.54,352.33,354.31,0.07,1.3899999999999864,0.3952232015922652
1990-12-31,1990.0,12.0,16.54,1990.96,354.43,350.54,353.84,354.45,0.08,1.3400000000000318,0.379506641366234
1991-01-31,1991.0,1.0,16.0,1991.04,354.93,16.0,354.73,354.55,-0.0,0.5,0.14107157971954276
1991-02-28,1991.0,2.0,14.46,1991.12,355.82,45.46,355.39,354.62,-0.01,0.8899999999999864,0.25075366973768
1991-03-31,1991.0,3.0,16.3,1991.2,357.34,75.3,356.66,354.73,0.06,1.5199999999999818,0.42718228317688567
1991-04-30,1991.0,4.0,15.5,1991.29,358.77,105.5,358.03,354.92,0.07,1.4300000000000068,0.4001791011361666
1991-05-31,1991.0,5.0,15.41,1991.37,359.24,135.41,359.11,355.13,-0.02,0.4700000000000273,0.13100314965019955
1991-06-30,1991.0,6.0,15.34,1991.45,358.23,166.34,358.79,355.28,-0.06,-1.009999999999991,-0.28114909252866527
1991-07-31,1991.0,7.0,15.44,1991.54,356.31,196.44,357.4,355.42,-0.06,-1.920000000000016,-0.535968511849938
1991-08-31,1991.0,8.0,17.5,1991.63,353.83,229.5,354.86,355.51,-0.1,-2.480000000000018,-0.6960231259296679
1991-09-30,1991.0,9.0,15.74,1991.71,352.33,258.74,353.03,355.58,-0.08,-1.5,-0.42393239691377316
1991-10-31,1991.0,10.0,15.33,1991.79,352.41,288.33,352.12,355.62,0.07,0.08000000000004093,0.022705985865534295
1991-11-30,1991.0,11.0,15.46,1991.87,353.89,319.46,353.26,355.7,0.05,1.4799999999999613,0.41996538123207916
1991-12-31,1991.0,12.0,16.4,1991.96,355.23,350.4,354.55,355.74,0.08,1.3400000000000318,0.3786487326570498
1992-01-31,1992.0,1.0,16.0,1992.04,356.34,16.0,355.98,355.85,-0.04,1.1099999999999568,0.31247360864790075
1992-02-29,1992.0,2.0,14.67,1992.12,357.22,45.67,356.69,355.96,0.01,0.8800000000000523,0.24695515518888822
1992-03-31,1992.0,3.0,15.29,1992.2,357.95,75.29,357.44,356.01,0.04,0.7299999999999613,0.20435585913440857
1992-04-30,1992.0,4.0,15.78,1992.29,359.23,106.78,358.78,356.03,0.09,1.2800000000000296,0.3575918424361113
1992-05-31,1992.0,5.0,15.85,1992.37,359.71,136.85,359.51,356.03,0.04,0.47999999999996135,0.1336191298054068
1992-06-30,1992.0,6.0,15.5,1992.45,359.44,167.5,359.81,356.11,-0.07,-0.2699999999999818,-0.07506046537487654
1992-07-31,1992.0,7.0,16.0,1992.54,357.15,198.0,358.36,356.21,-0.13,-2.2900000000000205,-0.6371021589138715
1992-08-31,1992.0,8.0,14.75,1992.62,355.08,227.75,355.87,356.26,-0.07,-2.069999999999993,-0.5795884082318348
1992-09-30,1992.0,9.0,16.12,1992.71,352.99,260.12,353.91,356.37,-0.04,-2.089999999999975,-0.5885997521685171
1992-10-31,1992.0,10.0,16.9,1992.79,353.43,290.9,353.19,356.47,0.02,0.4399999999999977,0.12464942349641461
1992-11-30,1992.0,11.0,15.14,1992.87,354.4,320.14,353.81,356.49,0.06,0.9699999999999704,0.2744532156296886
1992-12-31,1992.0,12.0,16.0,1992.96,355.68,351.0,355.01,356.52,0.05,1.2800000000000296,0.36117381489841893
1993-01-31,1993.0,1.0,16.43,1993.04,357.11,16.43,356.55,356.57,0.07,1.4300000000000068,0.4020467836257424
1993-02-28,1993.0,2.0,14.5,1993.12,357.42,45.5,357.24,356.61,0.0,0.3100000000000023,0.08680798633473596
1993-03-31,1993.0,3.0,16.47,1993.2,358.6,75.47,358.1,356.68,0.03,1.1800000000000068,0.3301438084046815
1993-04-30,1993.0,4.0,15.84,1993.29,359.4,105.84,358.93,356.71,0.03,0.7999999999999545,0.2230897936419174
1993-05-31,1993.0,5.0,15.9,1993.37,360.3,135.9,359.85,356.75,0.0,0.9000000000000341,0.25041736227044975
1993-06-30,1993.0,6.0,15.39,1993.45,359.64,166.39,360.19,356.79,-0.05,-0.660000000000025,-0.18318068276437227
1993-07-31,1993.0,7.0,15.44,1993.54,357.49,196.44,358.63,356.8,-0.13,-2.1499999999999773,-0.5978200422644853
1993-08-31,1993.0,8.0,15.78,1993.62,355.78,227.78,356.52,356.85,0.0,-1.7100000000000364,-0.47833505832332035
1993-09-30,1993.0,9.0,16.35,1993.71,354.11,259.35,354.72,356.91,-0.05,-1.669999999999959,-0.4693911968070008
1993-10-31,1993.0,10.0,17.39,1993.79,354.27,290.39,354.18,357.01,0.01,0.15999999999996817,0.04518369998023353
1993-11-30,1993.0,11.0,15.45,1993.87,355.52,319.45,354.8,357.09,0.06,1.25,0.35283823072798093
1993-12-31,1993.0,12.0,16.14,1993.96,357.03,350.14,356.34,357.21,0.03,1.509999999999991,0.4247299729972953
1994-01-31,1994.0,1.0,14.0,1994.04,358.31,14.0,357.78,357.33,0.03,1.2800000000000296,0.35851329019971345
1994-02-28,1994.0,2.0,15.4,1994.12,359.06,46.4,358.63,357.44,0.07,0.75,0.20931595545756743
1994-03-31,1994.0,3.0,15.66,1994.2,360.1,74.66,359.45,357.55,0.02,1.0400000000000205,0.2896451846488013
1994-04-30,1994.0,4.0,16.36,1994.29,361.39,106.36,360.94,357.72,0.08,1.2899999999999636,0.35823382393778136
1994-05-31,1994.0,5.0,15.8,1994.37,361.78,135.8,361.72,357.9,-0.03,0.38999999999998636,0.10791665513709692
1994-06-30,1994.0,6.0,14.96,1994.45,360.97,165.96,361.4,358.0,-0.07,-0.8099999999999454,-0.22389297363036853
1994-07-31,1994.0,7.0,16.0,1994.54,359.51,197.0,360.2,358.14,-0.03,-1.4600000000000364,-0.40446574507577715
1994-08-31,1994.0,8.0,15.42,1994.62,357.64,227.42,358.69,358.32,-0.13,-1.8700000000000045,-0.5201524296959747
1994-09-30,1994.0,9.0,15.08,1994.7,355.87,258.08,356.61,358.45,-0.03,-1.7699999999999818,-0.4949110837713877
1994-10-31,1994.0,10.0,14.5,1994.78,356.16,287.5,355.81,358.55,0.04,0.29000000000002046,0.08149043189928928
1994-11-30,1994.0,11.0,15.82,1994.87,357.67,319.82,356.96,358.77,0.06,1.509999999999991,0.4239667565139271
1994-12-31,1994.0,12.0,15.07,1994.95,359.07,349.07,358.43,358.95,0.06,1.3999999999999773,0.391422260743135
1995-01-31,1995.0,1.0,16.17,1995.04,360.05,16.17,359.65,359.12,0.01,0.9800000000000182,0.2729272843735364
1995-02-28,1995.0,2.0,14.5,1995.12,361.0,45.5,360.48,359.27,0.06,0.9499999999999886,0.26385224274405594
1995-03-31,1995.0,3.0,15.45,1995.2,361.96,74.45,361.51,359.45,0.06,0.9599999999999795,0.26592797783933086
1995-04-30,1995.0,4.0,15.0,1995.28,363.42,105.0,362.81,359.62,0.01,1.4600000000000364,0.40335948723617676
1995-05-31,1995.0,5.0,16.72,1995.37,363.83,136.72,363.6,359.77,-0.02,0.40999999999996817,0.1128171261900679
1995-06-30,1995.0,6.0,15.19,1995.45,363.34,166.19,363.77,359.97,-0.03,-0.4900000000000091,-0.1346782838138716
1995-07-31,1995.0,7.0,17.07,1995.54,361.71,198.07,362.47,360.16,-0.07,-1.6299999999999955,-0.4486156217317072
1995-08-31,1995.0,8.0,15.83,1995.62,359.34,227.83,360.49,360.3,-0.16,-2.3700000000000045,-0.6552210334245689
1995-09-30,1995.0,9.0,16.67,1995.71,358.29,259.67,358.59,360.46,0.04,-1.0499999999999545,-0.29220237101351687
1995-10-31,1995.0,10.0,15.86,1995.79,358.14,288.86,358.14,360.64,0.02,-0.1500000000000341,-0.04186552792431186
1995-11-30,1995.0,11.0,15.96,1995.87,359.63,319.96,358.9,360.79,0.05,1.490000000000009,0.4160384207293255
1995-12-31,1995.0,12.0,16.5,1995.96,360.84,350.5,360.24,360.95,0.05,1.2099999999999795,0.33645691405055356
1996-01-31,1996.0,1.0,15.52,1996.04,362.19,15.52,361.65,361.12,0.02,1.3500000000000227,0.37412703691388494
1996-02-29,1996.0,2.0,15.21,1996.12,363.37,46.21,362.72,361.31,0.03,1.1800000000000068,0.32579585300533953
1996-03-31,1996.0,3.0,15.29,1996.2,364.26,75.29,363.84,361.51,0.08,0.8899999999999864,0.24492941079339303
1996-04-30,1996.0,4.0,15.9,1996.29,364.71,106.9,364.54,361.65,-0.02,0.44999999999998863,0.12353813210344011
1996-05-31,1996.0,5.0,16.1,1996.37,365.25,137.1,365.0,361.78,0.0,0.5400000000000205,0.14806284445176843
1996-06-30,1996.0,6.0,15.5,1996.45,365.06,167.5,365.25,361.92,-0.01,-0.18999999999999773,-0.05201916495550796
1996-07-31,1996.0,7.0,16.0,1996.54,363.69,198.0,364.44,362.11,-0.07,-1.3700000000000045,-0.3752807757628873
1996-08-31,1996.0,8.0,15.68,1996.62,361.56,228.68,362.53,362.28,-0.04,-2.1299999999999955,-0.5856636146168381
1996-09-30,1996.0,9.0,14.32,1996.7,359.72,258.32,360.66,362.39,-0.1,-1.839999999999975,-0.5089058524172962
1996-10-31,1996.0,10.0,16.93,1996.79,359.74,290.93,359.56,362.53,0.04,0.01999999999998181,0.005559879906580356
1996-11-30,1996.0,11.0,15.79,1996.87,361.05,320.79,360.34,362.62,0.06,1.3100000000000023,0.3641518874742955
1996-12-31,1996.0,12.0,16.72,1996.96,362.42,351.72,361.82,362.75,0.04,1.3700000000000045,0.3794488298019649
1997-01-31,1997.0,1.0,16.0,1997.04,363.24,16.0,362.87,362.85,0.01,0.8199999999999932,0.22625682909331868
1997-02-28,1997.0,2.0,14.5,1997.12,364.21,45.5,363.67,362.93,0.05,0.9699999999999704,0.2670410747714902
1997-03-31,1997.0,3.0,16.0,1997.2,364.65,75.0,364.36,362.97,0.04,0.4399999999999977,0.12080942313499321
1997-04-30,1997.0,4.0,16.38,1997.29,366.52,106.38,365.66,363.04,0.06,1.8700000000000045,0.512820512820511
1997-05-31,1997.0,5.0,15.28,1997.37,366.77,135.28,366.72,363.15,-0.02,0.25,0.06820910182254725
1997-06-30,1997.0,6.0,16.81,1997.46,365.67,167.81,366.28,363.21,-0.04,-1.099999999999966,-0.29991547836517585
1997-07-31,1997.0,7.0,15.46,1997.54,364.5,196.46,365.16,363.26,-0.08,-1.170000000000016,-0.3199606202313632
1997-08-31,1997.0,8.0,15.68,1997.62,362.42,227.68,363.44,363.33,-0.09,-2.079999999999984,-0.5706447187928676
1997-09-30,1997.0,9.0,14.96,1997.7,360.46,257.96,361.32,363.4,-0.08,-1.9600000000000364,-0.5408090061254978
1997-10-31,1997.0,10.0,16.56,1997.79,360.99,289.56,360.51,363.47,0.11,0.5300000000000296,0.1470343450036049
1997-11-30,1997.0,11.0,15.5,1997.87,362.65,319.5,361.8,363.6,0.06,1.6599999999999682,0.4598465331449475
1997-12-31,1997.0,12.0,16.07,1997.96,364.52,350.07,363.69,363.77,0.07,1.8700000000000045,0.5156486970908647
1998-01-31,1998.0,1.0,15.9,1998.04,365.38,15.9,365.08,363.97,-0.02,0.8600000000000136,0.23592669812355638
1998-02-28,1998.0,2.0,14.5,1998.12,366.1,45.5,365.66,364.15,0.05,0.7200000000000273,0.19705512069627673
1998-03-31,1998.0,3.0,16.0,1998.2,367.36,75.0,366.72,364.36,0.08,1.259999999999991,0.34416826003824674
1998-04-30,1998.0,4.0,15.45,1998.29,368.79,105.45,368.16,364.61,0.02,1.4300000000000068,0.38926393728222486
1998-05-31,1998.0,5.0,15.83,1998.37,369.56,135.83,369.2,364.85,0.01,0.7699999999999818,0.20879091081644763
1998-06-30,1998.0,6.0,15.89,1998.45,369.11,166.89,369.48,365.13,-0.05,-0.44999999999998863,-0.12176642493776368
1998-07-31,1998.0,7.0,15.78,1998.54,367.99,196.78,368.56,365.39,-0.04,-1.1200000000000045,-0.3034325810733929
1998-08-31,1998.0,8.0,15.53,1998.62,366.13,227.53,367.08,365.65,-0.11,-1.8600000000000136,-0.5054485176227641
1998-09-30,1998.0,9.0,15.07,1998.7,364.17,258.07,365.03,365.93,-0.0,-1.9599999999999795,-0.5353289815092976
1998-10-31,1998.0,10.0,15.93,1998.79,364.54,288.93,364.18,366.19,0.02,0.37000000000000455,0.10160090067825589
1998-11-30,1998.0,11.0,14.96,1998.87,365.64,318.96,365.05,366.46,0.05,1.099999999999966,0.3017501508750575
1998-12-31,1998.0,12.0,17.54,1998.96,367.35,351.54,366.66,366.74,0.06,1.7100000000000364,0.46767312110274073
1999-01-31,1999.0,1.0,14.74,1999.04,368.32,14.74,367.79,366.96,0.07,0.9699999999999704,0.264053355110927
1999-02-28,1999.0,2.0,13.64,1999.12,369.21,44.64,368.92,367.22,-0.02,0.8899999999999864,0.24163770634231252
1999-03-31,1999.0,3.0,16.76,1999.2,369.87,75.76,369.27,367.41,0.09,0.660000000000025,0.17876005525312433
1999-04-30,1999.0,4.0,15.9,1999.29,371.17,105.9,370.94,367.64,-0.01,1.3000000000000114,0.3514748425122338
1999-05-31,1999.0,5.0,16.54,1999.37,371.12,136.54,371.12,367.79,0.01,-0.05000000000001137,-0.013470916291724588
1999-06-30,1999.0,6.0,14.81,1999.45,370.5,165.81,370.79,367.89,-0.04,-0.6200000000000045,-0.16706186678163704
1999-07-31,1999.0,7.0,16.81,1999.54,369.55,197.81,370.08,368.02,-0.1,-0.9499999999999886,-0.2564102564102555
1999-08-31,1999.0,8.0,16.04,1999.62,367.05,228.04,368.25,368.12,-0.06,-2.5,-0.6764984440535748
1999-09-30,1999.0,9.0,15.86,1999.71,364.94,258.86,365.71,368.21,-0.04,-2.1100000000000136,-0.574853562184996
1999-10-31,1999.0,10.0,16.0,1999.79,365.52,289.0,365.19,368.29,0.04,0.5799999999999841,0.15893023510713533
1999-11-30,1999.0,11.0,15.21,1999.87,366.86,319.21,366.17,368.37,0.05,1.3400000000000318,0.3666010067848724
1999-12-31,1999.0,12.0,16.19,1999.96,368.27,350.19,367.63,368.43,0.06,1.4099999999999682,0.3843428010685157
2000-01-31,2000.0,1.0,15.04,2000.04,369.43,15.04,368.83,368.52,0.0,1.160000000000025,0.3149862872349196
2000-02-29,2000.0,2.0,17.26,2000.13,369.76,48.26,369.75,368.56,0.05,0.3299999999999841,0.08932680074709154
2000-03-31,2000.0,3.0,15.8,2000.2,370.74,75.8,370.23,368.65,0.04,0.9800000000000182,0.26503678061444713
2000-04-30,2000.0,4.0,15.04,2000.29,371.96,106.04,371.37,368.7,0.03,1.2199999999999704,0.3290715865566174
2000-05-31,2000.0,5.0,15.32,2000.37,371.75,136.32,371.84,368.76,0.02,-0.20999999999997954,-0.056457683621891075
2000-06-30,2000.0,6.0,15.64,2000.46,371.86,167.64,371.97,368.87,-0.04,0.11000000000001364,0.029589778076677398
2000-07-31,2000.0,7.0,15.2,2000.54,370.07,197.2,371.04,368.96,-0.08,-1.7900000000000205,-0.48136395417630595
2000-08-31,2000.0,8.0,14.74,2000.62,368.36,227.74,369.18,369.03,-0.05,-1.7099999999999795,-0.4620747426162586
2000-09-30,2000.0,9.0,15.19,2000.71,367.15,259.19,367.62,369.19,-0.03,-1.2100000000000364,-0.32848300575525347
2000-10-31,2000.0,10.0,16.0,2000.79,367.18,290.0,366.97,369.37,0.03,0.03000000000002956,0.008171047255900454
2000-11-30,2000.0,11.0,15.48,2000.87,368.53,320.48,367.9,369.54,0.04,1.349999999999966,0.3676670842638341
2000-12-31,2000.0,12.0,16.5,2000.96,369.85,351.5,369.31,369.68,0.03,1.32000000000005,0.3581797954033794
2001-01-31,2001.0,1.0,16.0,2001.04,370.76,16.0,370.25,369.8,0.07,0.9099999999999682,0.2460456942003475
2001-02-28,2001.0,2.0,15.0,2001.12,371.7,46.0,371.35,369.93,0.01,0.9399999999999977,0.25353328298629574
2001-03-31,2001.0,3.0,15.74,2001.2,372.6,74.74,372.13,370.09,0.04,0.9000000000000341,0.2421307506053294
2001-04-30,2001.0,4.0,15.03,2001.29,373.54,105.03,373.0,370.22,0.02,0.9399999999999977,0.25228126677401264
2001-05-31,2001.0,5.0,17.5,2001.37,374.03,137.5,373.87,370.37,0.01,0.48999999999995225,0.1311773839481667
2001-06-30,2001.0,6.0,16.5,2001.46,373.35,167.5,373.77,370.5,-0.05,-0.67999999999995,-0.1818035986418054
2001-07-31,2001.0,7.0,15.52,2001.54,371.72,196.52,372.64,370.62,-0.06,-1.6299999999999955,-0.4365876523369505
2001-08-31,2001.0,8.0,17.63,2001.63,369.66,229.63,370.42,370.75,-0.07,-2.0600000000000023,-0.554180566017437
2001-09-30,2001.0,9.0,15.25,2001.7,368.35,258.25,369.04,370.84,-0.06,-1.3100000000000023,-0.3543797002651061
2001-10-31,2001.0,10.0,16.0,2001.79,368.61,289.0,368.3,370.94,0.05,0.2599999999999909,0.0705850414008502
2001-11-30,2001.0,11.0,16.08,2001.87,369.97,320.08,369.26,371.05,0.04,1.3600000000000136,0.36895363663493885
2001-12-31,2001.0,12.0,15.79,2001.96,371.41,349.79,370.79,371.17,0.05,1.4399999999999977,0.3892207476281939
2002-01-31,2002.0,1.0,14.64,2002.04,372.67,14.64,372.12,371.34,0.02,1.259999999999991,0.33924773161735367
2002-02-28,2002.0,2.0,14.5,2002.12,373.37,45.5,372.99,371.49,0.09,0.6999999999999886,0.1878337403064423
2002-03-31,2002.0,3.0,14.5,2002.2,374.24,73.5,373.78,371.62,-0.05,0.8700000000000045,0.2330128290971345
2002-04-30,2002.0,4.0,15.41,2002.29,375.19,105.41,374.67,371.75,0.09,0.9499999999999886,0.2538477982043652
2002-05-31,2002.0,5.0,16.1,2002.37,375.93,136.1,375.68,371.94,0.01,0.7400000000000091,0.1972334017431132
2002-06-30,2002.0,6.0,15.07,2002.45,375.71,166.07,375.94,372.14,-0.06,-0.22000000000002728,-0.05852153326417753
2002-07-31,2002.0,7.0,14.84,2002.53,374.24,195.84,375.08,372.34,-0.06,-1.4699999999999704,-0.39125921588458734
2002-08-31,2002.0,8.0,16.04,2002.62,372.02,228.04,373.06,372.53,-0.06,-2.2200000000000273,-0.5932022231723066
2002-09-30,2002.0,9.0,16.3,2002.71,370.9,259.3,371.22,372.75,-0.1,-1.1200000000000045,-0.30105908284501215
2002-10-31,2002.0,10.0,16.0,2002.79,370.73,289.0,370.65,372.97,0.06,-0.16999999999995907,-0.04583445672686759
2002-11-30,2002.0,11.0,15.17,2002.87,372.42,319.17,371.6,373.15,0.06,1.6899999999999977,0.45585736250099984
2002-12-31,2002.0,12.0,16.0,2002.96,373.98,350.0,373.2,373.35,0.08,1.5600000000000023,0.4188819075237715
2003-01-31,2003.0,1.0,15.83,2003.04,375.06,15.83,374.64,373.57,0.03,1.079999999999984,0.28878549655060315
2003-02-28,2003.0,2.0,14.11,2003.12,375.81,45.11,375.4,373.77,-0.04,0.75,0.19996800511918877
2003-03-31,2003.0,3.0,15.64,2003.2,376.63,74.64,376.27,373.97,0.04,0.8199999999999932,0.2181953646789525
2003-04-30,2003.0,4.0,15.33,2003.29,377.92,105.33,377.17,374.18,0.09,1.2900000000000205,0.3425112179061829
2003-05-31,2003.0,5.0,16.33,2003.37,378.78,136.33,378.5,374.41,-0.04,0.8599999999999568,0.22756138865367426
2003-06-30,2003.0,6.0,16.36,2003.46,378.42,167.36,378.74,374.64,-0.01,-0.3599999999999568,-0.09504197687311144
2003-07-31,2003.0,7.0,16.31,2003.54,376.86,197.31,377.68,374.85,-0.11,-1.5600000000000023,-0.4122403678452513
2003-08-31,2003.0,8.0,13.61,2003.62,374.74,225.61,375.93,375.04,-0.05,-2.1200000000000045,-0.5625431194608121
2003-09-30,2003.0,9.0,16.52,2003.71,373.31,259.52,373.67,375.26,-0.0,-1.4300000000000068,-0.38159790788280246
2003-10-31,2003.0,10.0,15.87,2003.79,373.31,288.87,373.28,375.47,0.01,0.0,0.0
2003-11-30,2003.0,11.0,17.46,2003.88,374.93,321.46,374.09,375.72,0.06,1.6200000000000045,0.4339556936594269
2003-12-31,2003.0,12.0,14.56,2003.95,376.12,348.56,375.51,375.91,0.05,1.1899999999999977,0.3173925799482502
2004-01-31,2004.0,1.0,15.63,2004.04,377.16,15.63,376.62,376.1,0.06,1.0400000000000205,0.276507497607148
2004-02-29,2004.0,2.0,15.0,2004.12,378.06,46.0,377.84,376.32,0.01,0.8999999999999773,0.2386255170219398
2004-03-31,2004.0,3.0,16.57,2004.21,379.08,76.57,378.46,376.5,0.1,1.0199999999999818,0.2697984446913049
2004-04-30,2004.0,4.0,15.73,2004.29,380.55,106.73,379.83,376.72,-0.04,1.4700000000000273,0.38778094333651314
2004-05-31,2004.0,5.0,15.89,2004.37,380.8,136.89,380.77,376.9,-0.01,0.25,0.06569438969912245
2004-06-30,2004.0,6.0,13.81,2004.45,379.94,165.81,380.48,377.02,-0.04,-0.8600000000000136,-0.22584033613445298
2004-07-31,2004.0,7.0,16.64,2004.54,377.6,198.64,378.81,377.09,-0.15,-2.339999999999975,-0.6158867189556161
2004-08-31,2004.0,8.0,12.81,2004.61,376.4,225.81,376.86,377.18,0.05,-1.2000000000000455,-0.31779661016950733
2004-09-30,2004.0,9.0,13.67,2004.7,374.48,257.67,375.24,377.33,-0.12,-1.919999999999959,-0.5100956429330394
2004-10-31,2004.0,10.0,16.55,2004.79,374.65,290.55,374.45,377.53,0.03,0.16999999999995907,0.04539628284554453
2004-11-30,2004.0,11.0,15.86,2004.87,376.35,320.86,375.49,377.63,0.04,1.7000000000000455,0.4537568397170899
2004-12-31,2004.0,12.0,15.67,2004.96,377.67,350.67,377.12,377.78,0.04,1.3199999999999932,0.3507373455559959
2005-01-31,2005.0,1.0,16.0,2005.04,378.63,16.0,378.18,377.92,0.05,0.9599999999999795,0.2541901660179535
2005-02-28,2005.0,2.0,15.17,2005.12,379.92,46.17,379.22,378.04,0.04,1.2900000000000205,0.3407020045955278
2005-03-31,2005.0,3.0,17.27,2005.21,381.0,76.27,380.61,378.22,0.09,1.079999999999984,0.2842703727100382
2005-04-30,2005.0,4.0,15.5,2005.29,382.48,105.5,381.71,378.38,0.01,1.4800000000000182,0.38845144356955963
2005-05-31,2005.0,5.0,16.0,2005.37,382.64,136.0,382.46,378.55,-0.01,0.15999999999996817,0.0418322526668069
2005-06-30,2005.0,6.0,15.18,2005.45,382.42,166.18,382.78,378.8,-0.06,-0.21999999999997044,-0.05749529583942703
2005-07-31,2005.0,7.0,16.48,2005.54,380.9,197.48,381.58,379.05,-0.05,-1.5200000000000387,-0.3974687516343334
2005-08-31,2005.0,8.0,15.35,2005.62,378.98,227.35,380.0,379.29,-0.07,-1.919999999999959,-0.504069309530053
2005-09-30,2005.0,9.0,15.85,2005.71,376.88,258.85,377.77,379.36,-0.05,-2.1000000000000227,-0.554118950868121
2005-10-31,2005.0,10.0,9.64,2005.77,377.01,282.64,376.72,379.42,0.08,0.12999999999999545,0.03449373805985978
2005-11-30,2005.0,11.0,16.17,2005.87,378.58,320.17,378.08,379.79,0.07,1.5699999999999932,0.4164345773321587
2005-12-31,2005.0,12.0,15.42,2005.95,380.28,349.42,379.46,380.01,0.05,1.6999999999999886,0.44904643668444155
2006-01-31,2006.0,1.0,17.83,2006.05,381.62,17.83,381.11,380.29,0.03,1.3400000000000318,0.3523719364678657
2006-02-28,2006.0,2.0,15.44,2006.12,382.42,46.44,382.06,380.53,0.04,0.8000000000000114,0.2096326188354869
2006-03-31,2006.0,3.0,16.1,2006.2,382.86,75.1,382.64,380.7,0.01,0.4399999999999977,0.11505674389413745
2006-04-30,2006.0,4.0,17.68,2006.29,384.88,107.68,383.9,380.88,0.08,2.019999999999982,0.5276080029253505
2006-05-31,2006.0,5.0,15.25,2006.37,385.22,135.25,385.09,381.09,0.02,0.34000000000003183,0.08833922261484162
2006-06-30,2006.0,6.0,15.46,2006.45,384.24,166.46,384.75,381.23,-0.06,-0.9800000000000182,-0.2544000830694171
2006-07-31,2006.0,7.0,16.12,2006.54,382.64,197.12,383.46,381.4,-0.08,-1.6000000000000227,-0.4164064126587652
2006-08-31,2006.0,8.0,16.37,2006.62,380.57,228.37,381.52,381.55,-0.08,-2.069999999999993,-0.5409784653982785
2006-09-30,2006.0,9.0,16.88,2006.71,379.0,259.88,379.55,381.72,0.0,-1.5699999999999932,-0.4125390861076772
2006-10-31,2006.0,10.0,15.65,2006.79,379.32,288.65,379.09,381.88,0.02,0.3199999999999932,0.08443271767810678
2006-11-30,2006.0,11.0,15.0,2006.87,380.32,319.0,379.8,381.89,0.05,1.0,0.2636296530633686
2006-12-31,2006.0,12.0,14.78,2006.95,381.98,348.78,381.22,382.02,0.04,1.660000000000025,0.436474547749266
2007-01-31,2007.0,1.0,16.67,2007.04,383.12,16.67,382.48,382.14,0.08,1.1399999999999864,0.2984449447615001
2007-02-28,2007.0,2.0,13.33,2007.12,384.09,44.33,383.68,382.26,-0.02,0.9699999999999704,0.25318438087282846
2007-03-31,2007.0,3.0,15.07,2007.2,384.78,74.07,384.32,382.39,0.11,0.6899999999999977,0.17964539561039494
2007-04-30,2007.0,4.0,15.56,2007.29,386.73,105.56,385.91,382.57,-0.0,1.9500000000000455,0.5067830968345621
2007-05-31,2007.0,5.0,15.41,2007.37,386.78,135.41,386.82,382.73,-0.0,0.049999999999954525,0.012928916815346803
2007-06-30,2007.0,6.0,14.69,2007.45,386.37,165.69,386.82,382.93,-0.08,-0.40999999999996817,-0.1060034127927989
2007-07-31,2007.0,7.0,14.96,2007.53,384.8,195.96,385.56,383.1,-0.05,-1.5699999999999932,-0.4063462484147351
2007-08-31,2007.0,8.0,15.27,2007.62,382.3,227.27,383.37,383.25,-0.06,-2.5,-0.6496881496881546
2007-09-30,2007.0,9.0,16.95,2007.71,381.16,259.95,381.64,383.47,-0.03,-1.1399999999999864,-0.2981951347109546
2007-10-31,2007.0,10.0,16.28,2007.79,381.38,289.28,381.14,383.62,0.01,0.21999999999997044,0.05771854339384763
2007-11-30,2007.0,11.0,15.5,2007.87,382.7,319.5,382.02,383.79,0.04,1.3199999999999932,0.34611148985264073
2007-12-31,2007.0,12.0,17.41,2007.96,384.24,351.41,383.55,384.01,0.09,1.5400000000000205,0.40240397177946363
2008-01-31,2008.0,1.0,16.0,2008.04,385.78,16.0,384.93,384.21,0.05,1.5399999999999636,0.40079117218403404
2008-02-29,2008.0,2.0,13.96,2008.12,386.05,44.96,386.25,384.43,-0.08,0.27000000000003865,0.0699880761055649
2008-03-31,2008.0,3.0,16.4,2008.21,386.29,76.4,385.96,384.57,0.1,0.2400000000000091,0.06216811293873192
2008-04-30,2008.0,4.0,14.17,2008.28,387.41,105.17,387.03,384.68,-0.03,1.1200000000000045,0.28993761163893517
2008-05-31,2008.0,5.0,15.68,2008.37,388.78,136.68,387.98,384.74,0.08,1.3699999999999477,0.35363052063703826
2008-06-30,2008.0,6.0,12.87,2008.45,388.11,164.87,388.67,384.87,-0.07,-0.6699999999999591,-0.17233396779668952
2008-07-31,2008.0,7.0,26.5,2008.57,385.88,208.5,386.44,384.95,-0.15,-2.230000000000018,-0.5745793718275771
2008-08-31,2008.0,8.0,15.72,2008.62,384.34,228.72,385.23,385.07,-0.09,-1.5400000000000205,-0.3990877993158559
2008-09-30,2008.0,9.0,15.41,2008.71,383.41,259.41,383.69,385.18,-0.04,-0.92999999999995,-0.24197325284902593
2008-10-31,2008.0,10.0,13.78,2008.78,383.15,287.78,383.2,385.34,0.07,-0.26000000000004775,-0.0678125244516492
2008-11-30,2008.0,11.0,15.71,2008.87,384.42,320.71,383.88,385.57,0.02,1.2700000000000387,0.33146287354823833
2008-12-31,2008.0,12.0,15.03,2008.95,385.75,350.03,385.07,385.69,0.05,1.329999999999984,0.3459757556838916
2009-01-31,2009.0,1.0,15.5,2009.04,387.16,15.5,386.49,385.84,0.05,1.410000000000025,0.3655217109526987
2009-02-28,2009.0,2.0,15.12,2009.12,387.71,46.12,387.45,385.94,0.05,0.5499999999999545,0.14206013017872277
2009-03-31,2009.0,3.0,16.21,2009.2,389.04,75.21,388.51,386.18,0.0,1.330000000000041,0.3430399009569207
2009-04-30,2009.0,4.0,15.48,2009.29,389.76,105.48,389.3,386.39,0.06,0.7199999999999704,0.18507094386179812
2009-05-31,2009.0,5.0,16.3,2009.37,390.36,136.3,390.17,386.63,-0.05,0.6000000000000227,0.15394088669951067
2009-06-30,2009.0,6.0,15.17,2009.45,389.72,166.17,390.23,386.82,0.0,-0.6399999999999864,-0.16395122451070554
2009-07-31,2009.0,7.0,16.0,2009.54,388.24,197.0,388.91,386.96,-0.06,-1.4800000000000182,-0.37975982756851545
2009-08-31,2009.0,8.0,16.18,2009.62,386.28,228.18,387.23,387.1,-0.12,-1.9600000000000364,-0.5048423655470979
2009-09-30,2009.0,9.0,15.93,2009.71,384.94,258.93,385.46,387.23,0.0,-1.339999999999975,-0.34689862276068295
2009-10-31,2009.0,10.0,16.3,2009.79,384.65,289.3,384.57,387.32,0.03,-0.29000000000002046,-0.07533641606484176
2009-11-30,2009.0,11.0,15.5,2009.87,386.23,319.5,385.46,387.39,0.06,1.580000000000041,0.41076303132718817
2009-12-31,2009.0,12.0,15.0,2009.95,387.59,349.0,386.94,387.55,0.04,1.3599999999999568,0.3521217927141773
2010-01-31,2010.0,1.0,16.07,2010.04,388.91,16.07,388.48,387.72,0.11,1.32000000000005,0.3405660620759088
2010-02-28,2010.0,2.0,13.95,2010.12,390.4,44.95,389.64,387.89,-0.09,1.4899999999999523,0.3831220590882145
2010-03-31,2010.0,3.0,16.32,2010.2,391.38,75.32,390.89,388.05,0.05,0.9800000000000182,0.25102459016392853
2010-04-30,2010.0,4.0,15.62,2010.29,392.68,105.62,391.79,388.24,0.12,1.3000000000000114,0.3321580050079209
2010-05-31,2010.0,5.0,16.07,2010.37,393.21,136.07,393.18,388.49,0.02,0.5299999999999727,0.13496995008657198
2010-06-30,2010.0,6.0,15.07,2010.45,392.4,166.07,393.01,388.73,-0.1,-0.8100000000000023,-0.20599679560540096
2010-07-31,2010.0,7.0,15.83,2010.54,390.43,196.83,391.24,388.94,-0.04,-1.9699999999999704,-0.5020387359836787
2010-08-31,2010.0,8.0,15.77,2010.62,388.56,227.77,389.51,389.12,-0.09,-1.8700000000000045,-0.4789590963809154
2010-09-30,2010.0,9.0,15.86,2010.71,387.02,258.86,387.57,389.31,-0.03,-1.5400000000000205,-0.396335186329011
2010-10-31,2010.0,10.0,16.0,2010.79,387.43,289.0,387.11,389.53,0.04,0.410000000000025,0.10593767763940054
2010-11-30,2010.0,11.0,15.03,2010.87,388.84,319.03,388.1,389.77,0.05,1.4099999999999682,0.36393671114780535
2010-12-31,2010.0,12.0,15.97,2010.96,389.99,349.97,389.6,389.98,0.04,1.150000000000034,0.29575146589857493
2011-01-31,2011.0,1.0,16.03,2011.04,391.5,16.03,390.78,390.16,0.04,1.509999999999991,0.38718941511319827
2011-02-28,2011.0,2.0,14.5,2011.12,392.05,45.5,391.79,390.34,0.04,0.5500000000000114,0.14048531289911903
2011-03-31,2011.0,3.0,15.17,2011.2,392.77,74.17,392.22,390.46,0.03,0.7199999999999704,0.1836500446371625
2011-04-30,2011.0,4.0,14.93,2011.28,393.42,104.93,393.31,390.6,-0.01,0.6500000000000341,0.16549125442371082
2011-05-31,2011.0,5.0,15.9,2011.37,394.41,135.9,393.84,390.66,0.03,0.9900000000000091,0.25163946926949343
2011-06-30,2011.0,6.0,16.21,2011.46,393.92,167.21,394.35,390.76,-0.02,-0.4900000000000091,-0.12423620090769028
2011-07-31,2011.0,7.0,15.96,2011.54,392.72,196.96,393.44,390.94,-0.06,-1.1999999999999886,-0.30463038180340574
2011-08-31,2011.0,8.0,15.26,2011.62,390.39,227.26,391.48,391.09,-0.09,-2.330000000000041,-0.5932980240374919
2011-09-30,2011.0,9.0,16.58,2011.71,389.25,259.58,389.63,391.28,-0.03,-1.1399999999999864,-0.2920156766310522
2011-10-31,2011.0,10.0,16.0,2011.79,389.2,289.0,389.1,391.45,0.02,-0.05000000000001137,-0.012845215157353262
2011-11-30,2011.0,11.0,15.71,2011.87,390.49,319.71,389.79,391.61,0.07,1.2900000000000205,0.3314491264131636
2011-12-31,2011.0,12.0,15.52,2011.95,392.04,349.52,391.31,391.75,0.03,1.5500000000000114,0.3969371814899203
2012-01-31,2012.0,1.0,16.17,2012.04,393.32,16.17,392.86,391.93,0.02,1.2799999999999727,0.3264972961942503
2012-02-29,2012.0,2.0,14.92,2012.12,394.05,45.92,393.59,392.08,0.12,0.7300000000000182,0.18559951184786705
2012-03-31,2012.0,3.0,15.7,2012.2,394.58,75.7,394.27,392.25,-0.02,0.5299999999999727,0.1345006978809682
2012-04-30,2012.0,4.0,15.76,2012.29,396.39,106.76,395.58,392.45,0.06,1.8100000000000023,0.4587155963302836
2012-05-31,2012.0,5.0,15.5,2012.37,396.93,136.5,396.88,392.72,-0.05,0.5400000000000205,0.13622947097555738
2012-06-30,2012.0,6.0,15.18,2012.45,395.92,167.18,396.38,392.9,-0.05,-1.009999999999991,-0.2544529262086481
2012-07-31,2012.0,7.0,15.77,2012.54,394.57,197.77,395.26,393.04,-0.03,-1.3500000000000227,-0.34097797534856644
2012-08-31,2012.0,8.0,16.37,2012.62,392.57,229.37,393.54,393.23,-0.03,-2.0,-0.506880908330587
2012-09-30,2012.0,9.0,15.56,2012.71,391.31,259.56,391.81,393.37,-0.04,-1.259999999999991,-0.3209618666734526
2012-10-31,2012.0,10.0,16.0,2012.79,391.27,290.0,391.14,393.56,0.02,-0.040000000000020464,-0.010222074570043205
2012-11-30,2012.0,11.0,15.97,2012.87,393.22,320.97,392.2,393.77,0.08,1.9500000000000455,0.4983770797658993
2012-12-31,2012.0,12.0,15.9,2012.96,394.56,350.9,393.98,393.99,0.02,1.339999999999975,0.34077615584151566
2013-01-31,2013.0,1.0,16.61,2013.04,395.8,16.61,395.24,394.18,0.06,1.240000000000009,0.31427412814273303
2013-02-28,2013.0,2.0,14.6,2013.12,397.03,45.6,396.42,394.4,0.03,1.2299999999999613,0.31076301162202835
2013-03-31,2013.0,3.0,16.33,2013.2,397.67,75.33,397.35,394.65,0.06,0.6400000000000432,0.1611968868851399
2013-04-30,2013.0,4.0,14.77,2013.28,398.62,104.77,398.06,394.84,0.05,0.9499999999999886,0.23889154323937234
2013-05-31,2013.0,5.0,16.32,2013.37,400.02,136.32,399.52,395.0,-0.01,1.3999999999999773,0.35121168029701444
2013-06-30,2013.0,6.0,14.54,2013.45,398.85,165.54,399.59,395.26,-0.02,-1.169999999999959,-0.2924853757311996
2013-07-31,2013.0,7.0,16.81,2013.54,397.45,197.81,398.18,395.48,-0.11,-1.400000000000034,-0.3510091513100222
2013-08-31,2013.0,8.0,16.0,2013.62,395.39,228.0,396.39,395.7,-0.09,-2.0600000000000023,-0.5183041892061868
2013-09-30,2013.0,9.0,15.15,2013.7,393.73,258.15,394.38,395.94,-0.02,-1.6599999999999682,-0.4198386403297949
2013-10-31,2013.0,10.0,16.07,2013.79,393.9,289.07,393.66,396.16,0.04,0.16999999999995907,0.04317679628169646
2013-11-30,2013.0,11.0,15.5,2013.87,395.36,319.5,394.64,396.38,0.06,1.4600000000000364,0.3706524498603869
2013-12-31,2013.0,12.0,15.9,2013.96,397.02,349.9,396.2,396.58,0.06,1.6599999999999682,0.4198704977741663
2014-01-31,2014.0,1.0,16.0,2014.04,398.04,16.0,397.72,396.81,0.01,1.0200000000000387,0.2569140093698241
2014-02-28,2014.0,2.0,14.37,2014.12,398.27,45.37,398.12,396.95,0.01,0.22999999999996135,0.05778313737312413
2014-03-31,2014.0,3.0,15.59,2014.2,399.9,74.59,398.9,397.07,0.11,1.6299999999999955,0.4092700931528803
2014-04-30,2014.0,4.0,14.93,2014.28,401.49,104.93,400.91,397.28,0.03,1.5900000000000318,0.3975993998499794
2014-05-31,2014.0,5.0,18.32,2014.38,401.95,138.32,401.82,397.44,0.06,0.45999999999997954,0.11457321477494897
2014-06-30,2014.0,6.0,15.25,2014.45,401.44,166.25,401.81,397.61,-0.07,-0.5099999999999909,-0.12688145291702702
2014-07-31,2014.0,7.0,14.64,2014.53,399.37,195.64,400.52,397.8,-0.09,-2.069999999999993,-0.5156436827421285
2014-08-31,2014.0,8.0,16.32,2014.62,397.16,228.32,398.05,397.95,-0.08,-2.2099999999999795,-0.5533715602073164
2014-09-30,2014.0,9.0,16.86,2014.71,395.5,259.86,396.17,398.14,-0.06,-1.660000000000025,-0.41796756974519234
2014-10-31,2014.0,10.0,14.88,2014.79,396.13,287.88,395.61,398.32,0.06,0.6299999999999955,0.15929203539823966
2014-11-30,2014.0,11.0,14.93,2014.87,397.38,318.93,396.85,398.55,0.03,1.25,0.3155529750334507
2014-12-31,2014.0,12.0,16.45,2014.96,399.1,350.45,398.37,398.77,0.09,1.7200000000000273,0.43283506970659413
2015-01-31,2015.0,1.0,15.97,2015.04,400.18,15.97,399.75,398.97,0.01,1.079999999999984,0.2706088699574005
2015-02-28,2015.0,2.0,14.5,2015.12,400.55,45.5,400.25,399.17,0.01,0.37000000000000455,0.09245839372282738
2015-03-31,2015.0,3.0,16.88,2015.21,401.77,75.88,401.23,399.37,0.11,1.2199999999999704,0.3045812008488191
2015-04-30,2015.0,4.0,16.46,2015.29,403.38,106.46,402.57,399.5,0.01,1.6100000000000136,0.400726783980887
2015-05-31,2015.0,5.0,16.4,2015.37,404.14,136.4,403.94,399.73,-0.0,0.7599999999999909,0.18840795279884137
2015-06-30,2015.0,6.0,16.0,2015.45,402.95,167.0,403.6,399.92,-0.05,-1.1899999999999977,-0.29445241747909634
2015-07-31,2015.0,7.0,15.92,2015.54,401.47,196.92,402.28,400.08,-0.09,-1.4799999999999613,-0.36729122719939555
2015-08-31,2015.0,8.0,16.46,2015.62,399.08,228.46,399.91,400.2,-0.04,-2.390000000000043,-0.5953122275637157
2015-09-30,2015.0,9.0,15.52,2015.71,397.82,258.52,398.57,400.32,-0.06,-1.259999999999991,-0.3157261701914327
2015-10-31,2015.0,10.0,16.46,2015.79,398.5,289.46,398.01,400.49,0.05,0.6800000000000068,0.17093157709517914
2015-11-30,2015.0,11.0,16.0,2015.87,400.29,320.0,399.31,400.67,0.09,1.7900000000000205,0.4491844416562252
2015-12-31,2015.0,12.0,16.13,2015.96,402.07,350.13,401.24,400.91,0.06,1.7799999999999727,0.4446776087336568
2016-01-31,2016.0,1.0,17.0,2016.04,402.75,17.0,402.51,401.16,-0.0,0.6800000000000068,0.1691247792672934
2016-02-29,2016.0,2.0,16.6,2016.13,404.29,47.6,403.71,401.44,0.04,1.5400000000000205,0.3823711980136535
2016-03-31,2016.0,3.0,15.96,2016.2,405.05,75.96,404.43,401.7,0.05,0.7599999999999909,0.18798387296248276
2016-04-30,2016.0,4.0,15.79,2016.29,407.63,106.79,406.44,402.01,0.14,2.579999999999984,0.636958400197507
2016-05-31,2016.0,5.0,15.24,2016.37,407.91,136.24,407.9,402.32,-0.05,0.28000000000002956,0.06868974314944154
2016-06-30,2016.0,6.0,15.19,2016.45,407.01,167.19,407.59,402.66,-0.03,-0.9000000000000341,-0.22063690519968926
2016-07-31,2016.0,7.0,16.96,2016.54,404.52,198.96,405.71,402.95,-0.08,-2.490000000000009,-0.6117785803788633
2016-08-31,2016.0,8.0,16.21,2016.62,402.44,229.21,403.5,403.24,-0.13,-2.079999999999984,-0.5141896568772841
2016-09-30,2016.0,9.0,15.36,2016.71,401.23,259.36,401.62,403.5,0.0,-1.2099999999999795,-0.30066593777954287
2016-10-31,2016.0,10.0,15.86,2016.79,401.79,289.86,401.34,403.77,0.05,0.5600000000000023,0.13957081972932883
2016-11-30,2016.0,11.0,15.33,2016.87,403.72,320.33,402.75,404.05,0.08,1.9300000000000068,0.48035043181762216
2016-12-31,2016.0,12.0,16.62,2016.96,404.66,351.62,404.33,404.33,0.02,0.9399999999999977,0.2328346378678292
2017-01-31,2017.0,1.0,14.63,2017.04,406.33,14.63,405.51,404.58,0.06,1.669999999999959,0.4126921366085057
2017-02-28,2017.0,2.0,13.81,2017.12,406.64,44.81,406.4,404.81,0.04,0.3100000000000023,0.07629266852067218
2017-03-31,2017.0,3.0,17.29,2017.21,407.58,76.29,407.14,405.02,0.06,0.9399999999999977,0.23116269919338794
2017-04-30,2017.0,4.0,15.73,2017.29,409.23,105.73,408.36,405.17,0.04,1.650000000000034,0.4048284999264018
2017-05-31,2017.0,5.0,16.93,2017.37,409.89,136.93,409.74,405.31,-0.03,0.6599999999999682,0.16127849864377986
2017-06-30,2017.0,6.0,15.46,2017.45,409.09,166.46,409.77,405.5,-0.1,-0.8000000000000114,-0.1951743150601426
2017-07-31,2017.0,7.0,16.32,2017.54,407.31,197.32,408.01,405.69,0.0,-1.7799999999999727,-0.4351120780268336
2017-08-31,2017.0,8.0,16.48,2017.62,405.28,228.48,406.3,405.92,-0.09,-2.0300000000000296,-0.4983918882423777
2017-09-30,2017.0,9.0,14.81,2017.7,403.59,257.81,404.37,406.11,-0.04,-1.6899999999999977,-0.4169956573233269
2017-10-31,2017.0,10.0,15.63,2017.79,403.81,288.63,403.45,406.3,0.04,0.22000000000002728,0.054510765876258915
2017-11-30,2017.0,11.0,13.96,2017.87,405.24,317.96,404.42,406.45,0.09,1.4300000000000068,0.3541269408880332
2017-12-31,2017.0,12.0,16.0,2017.96,407.0,350.0,406.41,406.63,0.01,1.759999999999991,0.43431053203040193
2018-01-31,2018.0,1.0,16.07,2018.04,408.15,16.07,407.6,406.82,0.03,1.1499999999999773,0.2825552825552746
2018-02-28,2018.0,2.0,14.5,2018.12,408.52,45.5,408.32,406.98,0.02,0.37000000000000455,0.09065294622074838
2018-03-31,2018.0,3.0,15.66,2018.2,409.58,74.66,409.1,407.16,0.04,1.0600000000000023,0.2594732204053596
2018-04-30,2018.0,4.0,15.0,2018.28,410.43,105.0,409.85,407.27,-0.01,0.8500000000000227,0.20752966453441157
2018-05-31,2018.0,5.0,17.67,2018.37,411.43,137.67,411.13,407.32,0.09,1.0,0.243646906902506
2018-06-30,2018.0,6.0,15.28,2018.45,411.0,166.28,411.41,407.46,-0.07,-0.4300000000000068,-0.10451352599469832
2018-07-31,2018.0,7.0,16.7,2018.54,408.85,197.7,409.96,407.63,-0.09,-2.1499999999999773,-0.5231143552311357
2018-08-31,2018.0,8.0,16.0,2018.62,407.16,228.0,407.91,407.77,-0.07,-1.6899999999999977,-0.41335453100158626
2018-09-30,2018.0,9.0,15.07,2018.7,405.72,258.07,406.29,407.92,0.01,-1.4399999999999977,-0.35366931918655586
2018-10-31,2018.0,10.0,15.97,2018.79,406.19,288.97,405.86,408.09,0.02,0.46999999999997044,0.11584343882480308
2018-11-30,2018.0,11.0,16.75,2018.88,408.27,320.75,407.24,408.33,0.09,2.079999999999984,0.5120756296314477
2018-12-31,2018.0,12.0,16.37,2018.96,409.28,350.37,408.92,408.53,0.03,1.009999999999991,0.24738530874175435
2019-01-31,2019.0,1.0,16.38,2019.04,411.04,16.38,410.1,408.74,0.05,1.7600000000000477,0.43002345582487944
2019-02-28,2019.0,2.0,14.52,2019.12,411.96,45.52,411.6,409.01,0.13,0.9199999999999591,0.22382249902683782
2019-03-31,2019.0,3.0,14.82,2019.2,412.14,73.82,412.18,409.27,-0.06,0.18000000000000682,0.04369356248179468
2019-04-30,2019.0,4.0,15.89,2019.29,413.56,105.89,412.65,409.51,0.08,1.420000000000016,0.3445431164167623
2019-05-31,2019.0,5.0,16.25,2019.37,414.86,136.25,414.42,409.81,-0.0,1.3000000000000114,0.3143437469774746
2019-06-30,2019.0,6.0,15.59,2019.45,414.14,166.59,414.6,410.07,-0.03,-0.7200000000000273,-0.17355252374295915
2019-07-31,2019.0,7.0,15.32,2019.54,412.01,196.32,413.27,410.33,-0.11,-2.1299999999999955,-0.5143188293813661
2019-08-31,2019.0,8.0,15.45,2019.62,410.21,227.45,410.79,410.58,-0.05,-1.8000000000000114,-0.43688259993689416
2019-09-30,2019.0,9.0,15.52,2019.71,408.76,258.52,409.38,410.88,-0.03,-1.4499999999999886,-0.3534774871407298
2019-10-31,2019.0,10.0,15.41,2019.79,408.72,288.41,408.58,411.11,0.04,-0.03999999999996362,-0.009785693316366473
2019-11-30,2019.0,11.0,16.35,2019.87,410.51,320.35,409.72,411.32,0.04,1.7899999999999636,0.43795263260910655
2019-12-31,2019.0,12.0,16.0,2019.96,411.97,350.0,411.18,411.5,0.08,1.4600000000000364,0.35565516065383385
2020-01-31,2020.0,1.0,16.59,2020.04,413.6,16.59,412.93,411.75,0.06,1.6299999999999955,0.3956598781464704
2020-02-29,2020.0,2.0,15.21,2020.12,414.33,46.21,414.13,411.96,-0.03,0.7299999999999613,0.17649903288199376
2020-03-31,2020.0,3.0,15.31,2020.2,414.69,75.31,414.27,412.13,0.06,0.36000000000001364,0.08688726377525935
2020-04-30,2020.0,4.0,15.61,2020.29,416.42,106.61,415.82,412.38,0.06,1.7300000000000182,0.4171790976392087
2020-05-31,2020.0,5.0,16.15,2020.37,417.28,137.15,416.89,412.58,-0.01,0.8599999999999568,0.20652226117860994
2020-06-30,2020.0,6.0,16.44,2020.46,416.54,168.44,417.05,412.77,-0.05,-0.7399999999999523,-0.17733895705520641
2020-07-31,2020.0,7.0,15.73,2020.54,414.6,197.73,415.62,412.98,-0.14,-1.9399999999999977,-0.46574158544197
2020-08-31,2020.0,8.0,17.24,2020.63,412.66,230.24,413.46,413.22,0.0,-1.9399999999999977,-0.46792088760251316
2020-09-30,2020.0,9.0,15.28,2020.71,411.5,259.28,411.99,413.44,-0.02,-1.160000000000025,-0.2811030872873599
2020-10-31,2020.0,10.0,15.73,2020.79,411.48,289.73,411.37,413.68,0.03,-0.01999999999998181,-0.004860267314699129
2020-11-30,2020.0,11.0,15.44,2020.87,413.1,320.44,412.13,413.86,0.09,1.6200000000000045,0.3937007874015741
2020-12-31,2020.0,12.0,15.67,2020.96,414.22,350.67,413.73,414.08,0.03,1.1200000000000045,0.27112079399660427
2021-01-31,2021.0,1.0,16.03,2021.04,415.49,16.03,415.02,414.26,0.01,1.2699999999999818,0.3066003572980591
2021-02-28,2021.0,2.0,14.5,2021.12,416.72,45.5,416.23,414.44,0.03,1.2300000000000182,0.29603600568004484
2021-03-31,2021.0,3.0,14.82,2021.2,417.57,73.82,417.09,414.68,0.03,0.8499999999999659,0.20397389134190202
2021-04-30,2021.0,4.0,15.25,2021.29,419.0,105.25,418.22,414.86,0.13,1.4300000000000068,0.34245755202719774
2021-05-31,2021.0,5.0,16.04,2021.37,419.09,136.04,419.13,415.03,-0.02,0.08999999999997499,0.021479713603822503
2021-06-30,2021.0,6.0,15.21,2021.45,418.95,166.21,419.12,415.22,-0.05,-0.13999999999998636,-0.03340571237681056
2021-07-31,2021.0,7.0,16.0,2021.54,416.9,197.0,417.94,415.43,-0.09,-2.0500000000000114,-0.48931853443131557
2021-08-31,2021.0,8.0,14.56,2021.62,414.52,226.56,415.64,415.57,-0.12,-2.3799999999999955,-0.5708803070280655
2021-09-30,2021.0,9.0,15.59,2021.71,413.26,258.59,413.67,415.75,0.04,-1.259999999999991,-0.3039660330020233
2021-10-31,2021.0,10.0,15.21,2021.79,413.88,288.21,413.52,415.94,0.01,0.6200000000000045,0.15002661762570924
2021-11-30,2021.0,11.0,15.5,2021.87,414.97,319.5,414.37,416.13,0.09,1.0900000000000318,0.26336136078091155
2021-12-31,2021.0,12.0,16.39,2021.96,416.68,350.39,415.85,416.31,0.02,1.7099999999999795,0.4120779815408371
2022-01-31,2022.0,1.0,15.57,2022.04,418.12,15.57,417.46,416.52,0.07,1.4399999999999977,0.34558894115388483
2022-02-28,2022.0,2.0,14.67,2022.12,419.24,45.67,418.77,416.73,0.0,1.1200000000000045,0.2678656844924854
2022-03-31,2022.0,3.0,16.0,2022.2,418.76,75.0,418.96,416.89,0.03,-0.4800000000000182,-0.1144928918996313
2022-04-30,2022.0,4.0,15.93,2022.29,420.2,105.93,419.61,417.02,-0.03,1.4399999999999977,0.3438723851370673
2022-05-31,2022.0,5.0,16.0,2022.37,420.97,136.0,420.46,417.16,0.08,0.7700000000000387,0.18324607329844866
2022-06-30,2022.0,6.0,15.82,2022.45,420.93,166.82,421.21,417.34,-0.05,-0.040000000000020464,-0.009501864740957267
2022-07-31,2022.0,7.0,16.04,2022.54,418.85,197.04,419.97,417.5,-0.07,-2.079999999999984,-0.49414391941652314
2022-08-31,2022.0,8.0,15.59,2022.62,417.18,227.59,417.9,417.69,-0.07,-1.670000000000016,-0.39871075564045233
2022-09-30,2022.0,9.0,16.11,2022.71,415.89,259.11,416.42,417.89,-0.04,-1.2900000000000205,-0.30921904214008533
2022-10-31,2022.0,10.0,15.53,2022.79,415.72,288.53,415.58,418.05,0.02,-0.16999999999995907,-0.040876193224159696
2022-11-30,2022.0,11.0,15.52,2022.87,417.47,319.52,416.56,418.24,0.04,1.75,0.42095641297026365
2022-12-31,2022.0,12.0,19.5,2022.97,419.12,353.5,418.57,418.48,0.1,1.6499999999999773,0.3952379811722917
2023-01-31,2023.0,1.0,16.0,2023.04,419.47,16.0,419.3,418.62,-0.01,0.35000000000002274,0.08350830311127933
2023-02-28,2023.0,2.0,12.48,2023.12,420.27,43.48,419.83,418.71,0.08,0.7999999999999545,0.190716856986195
2023-03-31,2023.0,3.0,16.5,2023.2,421.01,75.5,420.72,418.84,0.04,0.7400000000000091,0.1760772836509883
2023-04-30,2023.0,4.0,15.81,2023.29,423.32,105.81,422.05,419.05,0.05,2.3100000000000023,0.548680553906089
2023-05-31,2023.0,5.0,16.0,2023.37,424.0,136.0,423.83,419.34,0.02,0.6800000000000068,0.16063498062930393
2023-06-30,2023.0,6.0,15.62,2023.45,423.68,166.62,424.08,419.61,-0.07,-0.3199999999999932,-0.07547169811320531
2023-07-31,2023.0,7.0,16.1,2023.54,421.82,197.1,422.68,419.81,-0.07,-1.8600000000000136,-0.43901057401812826
2023-08-31,2023.0,8.0,15.48,2023.62,419.72,227.48,420.7,420.03,-0.09,-2.099999999999966,-0.49784268171256807
2023-09-30,2023.0,9.0,18.83,2023.71,418.41,261.83,418.85,420.31,-0.04,-1.3100000000000023,-0.312112837129519
2023-10-31,2023.0,10.0,16.52,2023.79,418.84,289.52,418.54,420.61,0.02,0.42999999999995,0.10277001027698685
2023-11-30,2023.0,11.0,13.14,2023.87,420.35,317.14,419.35,420.84,0.08,1.5100000000000477,0.3605195301308539
2023-12-31,2023.0,12.0,17.15,2023.96,421.9,351.15,421.47,421.08,0.09,1.5499999999999545,0.3687403354347474
2024-01-31,2024.0,1.0,17.41,2024.04,422.84,17.41,422.56,421.38,-0.0,0.9399999999999977,0.22280161175634028
2024-02-29,2024.0,2.0,15.27,2024.12,424.57,46.27,423.54,421.7,0.13,1.7300000000000182,0.4091382083057482
2024-03-31,2024.0,3.0,15.36,2024.2,425.36,75.36,425.04,422.04,-0.02,0.7900000000000205,0.18607061261983748
2024-04-30,2024.0,4.0,17.27,2024.29,426.57,108.27,425.92,422.33,0.04,1.2099999999999795,0.2844649238292307
2024-05-31,2024.0,5.0,16.21,2024.37,426.9,137.21,426.89,422.6,0.07,0.3299999999999841,0.07736127716435615
2024-06-30,2024.0,6.0,16.6,2024.46,426.86,168.6,426.94,422.82,-0.12,-0.03999999999996362,-0.009369875849141174
2024-07-31,2024.0,7.0,14.5,2024.53,425.66,196.5,426.23,423.1,-0.02,-1.1999999999999886,-0.28112261631447755
2024-08-31,2024.0,8.0,16.14,2024.62,422.98,229.14,424.4,423.42,-0.11,-2.680000000000007,-0.6296104872433372
2024-09-30,2024.0,9.0,14.67,2024.7,422.06,258.67,422.22,423.6,-0.02,-0.9200000000000159,-0.21750437372926035
2024-10-31,2024.0,10.0,17.23,2024.79,422.42,291.23,422.14,423.98,0.08,0.36000000000001364,0.08529592948869347
2024-11-30,2024.0,11.0,15.88,2024.87,423.87,320.88,423.13,424.33,0.05,1.4499999999999886,0.34326026229818396
2024-12-31,2024.0,12.0,16.25,2024.96,425.41,351.25,424.76,424.55,0.08,1.5400000000000205,0.3633189421284877
2025-01-31,2025.0,1.0,15.76,2025.04,426.65,15.76,426.05,424.87,-0.03,1.2399999999999523,0.2914835100256141
2025-02-28,2025.0,2.0,14.5,2025.12,427.09,45.5,426.91,425.18,0.02,0.4399999999999977,0.10312902847766647
2025-03-31,2025.0,3.0,16.0,2025.2,428.15,75.0,427.74,425.42,0.02,1.0600000000000023,0.24819124774637658
2025-04-30,2025.0,4.0,15.65,2025.29,429.64,105.65,428.65,425.67,0.13,1.490000000000009,0.3480088753941457
2025-05-31,2025.0,5.0,15.61,2025.37,430.51,135.61,430.35,425.93,0.01,0.8700000000000045,0.20249511218695115
